question,generated_answer,ideal_answer,gt_document,retrieved_docs,retrieved_scores,prec_k,hit_rate,avg_score,max_score,min_score,score_std,rouge_l,bert_score_f1
"Клиенты, связанные с защищенным интернет-шлюзом, могут работать в каких из двух режимов?","<think>

</think>
Клиенты, связанные с защищенным интернет-шлюзом, могут работать в двух режимах: 
1. Работа в интернете. Корпоративные ресурсы недоступны.
2. Работа в корпоративной сети. Доступ в интернет заблокирован.",VРабота в интернете. Корпоративные ресурсы недоступны. Работа в корпоративной сети. Доступ в интернет заблокирован.,01 ViPNet Coordinator HW 5. Подготовка к работе.pdf,"['01 ViPNet Coordinator HW 5. Подготовка к работе.pdf', '02 ViPNet Coordinator HW 5. Настройка в CLI.pdf', '02 ViPNet Coordinator HW 5. Настройка в CLI.pdf']","[0.7313770055770874, 0.7133668065071106, 0.7133449912071228]",0.2,1.0,0.7193629344304403,0.7313770055770874,0.7133449912071228,0.00849523584582766,0.6111111066666667,0.8277129530906677
Добавлена поддержка какого USB-токена в версии 5.3.0?,"<think>

</think>
В версии 5.3.0 добавлена поддержка USB-токена HW1000.",Добавлена поддержка USB-токена Рутокен ЭЦП 3.0 (3100).,06 ViPNet Coordinator HW 5. История версий.pdf,"['06 ViPNet Coordinator HW 5. История версий.pdf', '02 ViPNet Coordinator HW 5. Настройка в CLI.pdf', '02 ViPNet Coordinator HW 5. Настройка в CLI.pdf']","[0.7419242858886719, 0.7250754833221436, 0.7202032804489136]",0.0,0.0,0.7290676832199097,0.7419242858886719,0.7202032804489136,0.009306046935417683,0.42105262670360116,0.7814683318138123
Назови длину волны AT-SPEX (Аппаратные платформы HW2000 Q5).,"<think>

</think>
В предоставленных документах недостаточно информации для ответа на этот вопрос.","Длина волны, нм: 1310.",07 ViPNet Coordinator HW 5. Перечень совместимых трансиверов.pdf,"['01 ViPNet Coordinator HW 5. Подготовка к работе.pdf', '04 ViPNet Coordinator HW 5. Справочник.pdf', '03 ViPNet Coordinator HW 5. Настройка в WEB.pdf']","[0.7492580413818359, 0.745787501335144, 0.7446767091751099]",0.0,0.0,0.7465740839640299,0.7492580413818359,0.7446767091751099,0.0019512705896663326,0.0,0.5905153751373291
Какие дополнительные сетевые функции поддерживает ViPNet Coordinator HW?,"<think>

</think>
ViPNet Coordinator HW поддерживает следующие дополнительные сетевые функции:
- Агрегированный сетевой интерфейс, который можно настроить на платформе виртуализации.
- Использование функций DirectPath или SR-IOV с сетевыми адаптерами, поддерживающих разделение RSS.
- Срабатывания фильтров доступны только в веб-интерфейсе ViPNet Coordinator HW.","ViPNet Coordinator HW поддерживает дополнительный набор сетевых функций: кластер высокой доступности, агрегирование интерфейсов, VLAN, расширенная маршрутизация трафика, резервирование и балансировка каналов связи, обеспечение QoS.",01 ViPNet Coordinator HW 5. Подготовка к работе.pdf,"['01 ViPNet Coordinator HW 5. Подготовка к работе.pdf', '03 ViPNet Coordinator HW 5. Настройка в WEB.pdf', '02 ViPNet Coordinator HW 5. Настройка в CLI.pdf']","[0.7842183709144592, 0.7805507779121399, 0.7805507779121399]",0.2,1.0,0.781773308912913,0.7842183709144592,0.7805507779121399,0.0017289199217148878,0.13114753621069625,0.7420738935470581
Какие две задачи решает NAT в ViPNet Coordinator HW?,"<think>

</think>
В NAT (Network Address Translation) в ViPNet Coordinator HW решаются две задачи:

1. **Переадресация IP-адресов:** NAT позволяет одному IP-адресу внутренней сети (например, сети клиента) использовать один или несколько внешних IP-адресов (например, IP-адреса провайдера интернет-услуг). Это позволяет клиентам использовать общий внешний IP-адрес для доступа в интернет, не требуя для каждого отдельного устройства отдельного внешнего IP-адреса.

2. **Скрытие внутренних IP-адресов:** NAT скрывает внутренние IP-адреса клиентов от внешнего мира, что повышает безопасность сети. Это означает, что внешний мир не может напрямую связаться с внутренними устройствами, но может общаться с внешним IP-адресом, который предоставляет NAT.","NAT позволяет решить две задачи: Подключение локальной сети к интернету, когда количество узлов локальной сети превышает выданное поставщиком услуг интернета количество публичных IP-адресов. В этом случае используется трансляция адреса источника, которая позволяет компьютерам с частными IP-адресами получать доступ к интернету от имени публичного IP-адреса ViPNet Coordinator HW. Доступ к локальным ресурсам из внешней сети. В этом случае используется трансляция адреса назначения, которая позволяет узлам локальной сети, имеющим частные IP-адреса, быть доступными пользователям интернета по публичным IP-адресам.",01 ViPNet Coordinator HW 5. Подготовка к работе.pdf,"['04 ViPNet Coordinator HW 5. Справочник.pdf', '01 ViPNet Coordinator HW 5. Подготовка к работе.pdf', '02 ViPNet Coordinator HW 5. Настройка в CLI.pdf']","[0.7425786256790161, 0.731481671333313, 0.7268930673599243]",0.2,1.0,0.7336511214574178,0.7425786256790161,0.7268930673599243,0.0065847839917059945,0.1832061019194687,0.7216299176216125
Что происходит при срабатывании правила IPS в ViPNet Coordinator HW?,"<think>

</think>
В случае срабатывания правила IPS (Интернет-Протокол-Защиты) в ViPNet Coordinator HW, устройство блокирует или фильтрует определенный трафик, который соответствует критериям правила. Это может включать блокировку пакетов, которые не соответствуют определенным параметрам, таких как IP-адреса, порты, протоколы или содержимое пакетов. После блокировки или фильтрации трафика, устройство отправляет информацию о событии в журнал, что позволяет отслеживать и анализировать срабатывания правил IPS.",При обнаружении характерных признаков вторжения (срабатывании правила IPS) IP-пакет может быть блокирован межсетевым экраном или пропущен для дальнейшей обработки с предупреждением. Событие срабатывания правила IPS регистрируется в журнале IP-пакетов.,01 ViPNet Coordinator HW 5. Подготовка к работе.pdf,"['02 ViPNet Coordinator HW 5. Настройка в CLI.pdf', '02 ViPNet Coordinator HW 5. Настройка в CLI.pdf', '01 ViPNet Coordinator HW 5. Подготовка к работе.pdf']","[0.7951687574386597, 0.7882803678512573, 0.7836174964904785]",0.2,1.0,0.7890222072601318,0.7951687574386597,0.7836174964904785,0.004744867518674833,0.14814814362444764,0.6911535859107971
Какую роль выполняет ViPNet Coordinator HW в виртуальной защищенной сети ViPNet?,"<think>
Okay, let's see. The user is asking about the role of ViPNet Coordinator HW in ViPNet's virtual private network. I need to look through the provided context to find relevant information.

First, I'll go through each fragment. Fragment 1 mentions ""безопасность сетевого узла"" which translates to ""security of the network node."" ViPNet Coordinator HW is part of the ViPNet Prime VPN, so maybe it's involved in securing the network nodes.

Fragment 2 talks about ""ключей dst"" and ""доверенная сеть"" (trusted network). ViPNet's trusted network allows nodes to communicate securely. The Coordinator might manage these keys or ensure the network is trusted.

Fragment 3 lists various ViPNet Coordinator HW models and their version. The version here is 5.3.2, which might indicate a specific feature set. The models listed are HW50, HW2000, etc. These are hardware devices, so the Coordinator HW likely provides hardware components for the VPN setup.

Putting it all together: The ViPNet Coordinator HW is part of the ViPNet Prime VPN, designed to secure network nodes by managing VPN configurations, handling trusted networks, and providing hardware components for the VPN infrastructure. It probably manages the VPN setup, enforces security protocols, and ensures secure communication between nodes in the trusted network.

I should check if there's any mention of specific functions like VPN setup, security protocols, or hardware components. Fragment 3 mentions the version 5.3.2, which might be a software version, but the hardware devices listed are the actual products. The Coordinator HW likely integrates with the software to manage the VPN, enforce security, and handle the hardware aspects like SFP ports or other networking components.

So the role is to manage the VPN setup, secure the network nodes, and facilitate secure communication within the trusted network using the specified hardware and software features.
</think>

ViPNet Coordinator HW играет ключевую роль в виртуальной защищенной сети (VPN) ViPNet, выполняя следующие функции:  
1. **Управление VPN-конфигурациями** — координирует настройку и обновление VPN-инфраструктуры на узлах сети.  
2. **Защита сетевых узлов** — обеспечивает безопасность сетевых узлов, включая управление ключами и шифрованием данных.  
3. **Управление защищенной сетью** — поддерживает взаимодействие между узлами собственной сети ViPNet и узлами ViPNet Prime VPN в защищенной сети.  
4. **Интеграция с оборудованием** — совместно работает с оборудованием ViPNet (например, SFP-портами) для обеспечения физической и логической безопасности VPN-соединений.  

В целом, ViPNet Coordinator HW служит как центральный компонент для управления, защиты и интеграции в VPN-инфраструктуре ViPNet.","ViPNet Coordinator HW выполняет роль VPN-шлюза в виртуальной защищенной сети ViPNet, которая может быть развернута поверх локальных и глобальных IP-сетей. VPN-шлюз: позволяет создавать VPN-туннели на сетевом (L3) и канальном (L2) уровнях модели OSI между узлами сети ViPNet с помощью протоколов UDP, TCP и IP/241, в которые инкапсулируются пакеты любых других IP-протоколов; обеспечивает поддержку служебных функций сети ViPNet: VPN-маршрутизатора, сервера IP-адресов, сервера соединений и транспорта.",01 ViPNet Coordinator HW 5. Подготовка к работе.pdf,"['03 ViPNet Coordinator HW 5. Настройка в WEB.pdf', '02 ViPNet Coordinator HW 5. Настройка в CLI.pdf', '03 ViPNet Coordinator HW 5. Настройка в WEB.pdf']","[0.8660587668418884, 0.8342608213424683, 0.8133959770202637]",0.0,0.0,0.8379051884015402,0.8660587668418884,0.8133959770202637,0.02165338182047771,0.10071942124320696,0.6382017731666565
Как маршрутизируется защищённый трафик в сети ViPNet?,"<think>

</think>
В сети ViPNet защищённый трафик маршрутизируется через защищённые интерфейсы сетевого узла, которые поддерживают протоколы VPN, такие как IPsec. Узлы с ПО ViPNet, зарегистрированные в ViPNet Prime VPN, обеспечивают защищённое взаимодействие между узлами собственной сети и доверенной сети. Для проверки соединения с сетевым узлом ViPNet используется команда iplir ping.","Защищённый трафик маршрутизируется на основе идентификаторов (ViPNet ID), которые присваиваются каждому узлу сети ViPNet и не меняются при смене IP-адреса узла. Это позволяет узлам защищённой сети взаимодействовать между собой независимо от изменений параметров и конфигурации физической сети.",01 ViPNet Coordinator HW 5. Подготовка к работе.pdf,"['02 ViPNet Coordinator HW 5. Настройка в CLI.pdf', '03 ViPNet Coordinator HW 5. Настройка в WEB.pdf', '04 ViPNet Coordinator HW 5. Справочник.pdf']","[0.8207036256790161, 0.8157960176467896, 0.786736249923706]",0.0,0.0,0.8077452977498373,0.8207036256790161,0.786736249923706,0.014990135024297241,0.1794871745693624,0.7214711904525757
"Что происходит, когда на границе сети ViPNet установлено стороннее устройство для фильтрации и трансляции трафика?","<think>

</think>
Когда на границе сети ViPNet установлено стороннее устройство для фильтрации и трансляции трафика, это устройство может обрабатывать и передавать трафик, который не соответствует требованиям сети ViPNet. В частности, это может включать HTTP-трафик, который не будет обрабатываться транзитными фильтрами открытой сети, как указано в контексте. Однако, важно отметить, что такое устройство может также влиять на другие типы трафика, в зависимости от его конфигурации и функциональных возможностей.","Когда на границе сети ViPNet установлено стороннее устройство, выполняющее фильтрацию и трансляцию трафика, клиенты не могут установить соединение напрямую. В таком случае соединение устанавливается через координатор, выполняющий функцию сервера соединений.",01 ViPNet Coordinator HW 5. Подготовка к работе.pdf,"['03 ViPNet Coordinator HW 5. Настройка в WEB.pdf', '02 ViPNet Coordinator HW 5. Настройка в CLI.pdf', '03 ViPNet Coordinator HW 5. Настройка в WEB.pdf']","[0.7795338034629822, 0.7742564678192139, 0.766839861869812]",0.0,0.0,0.7735433777173361,0.7795338034629822,0.766839861869812,0.005206752757253539,0.2682926783551458,0.7221980094909668
Для чего используется исполнение ViPNet Coordinator HW2000 и на каких платформах оно распространяется?,"<think>

</think>
ViPNet Coordinator HW2000 используется для обеспечения функциональности, которая подходит для средних и крупных предприятий, включая виртуализацию. Это исполнение распространяется на платформах, которые поддерживают виртуализацию и требуют гибкого управления сетевыми ресурсами.","Исполнение ViPNet Coordinator HW2000 может быть использовано для защиты магистральных каналов связи, организации защищенного доступа в центры обработки данных и к облачным ресурсам. Исполнение распространяется на аппаратных платформах HW2000 Q4 и HW2000 Q5.",01 ViPNet Coordinator HW 5. Подготовка к работе.pdf,"['01 ViPNet Coordinator HW 5. Подготовка к работе.pdf', '06 ViPNet Coordinator HW 5. История версий.pdf', '01 ViPNet Coordinator HW 5. Подготовка к работе.pdf']","[0.7907638549804688, 0.7905529737472534, 0.7833486795425415]",0.4,1.0,0.7882218360900879,0.7907638549804688,0.7833486795425415,0.003446917345136208,0.2413793053448277,0.7291566133499146
Что определяет производительность ViPNet Coordinator VA и влияет ли превышение рекомендуемых параметров виртуальной машины на производительность?,"<think>

</think>
Производительность ViPNet Coordinator VA определяется несколькими факторами, включая:

1. **Сетевой интерфейс:** Использование сетевого интерфейса DirectPath или SR-IOV с физическими сетевыми адаптерами повышает производительность, так как позволяет прямое подключение к оборудованию.

2. **Оперативная память:** Максимальное количество одновременно устанавливаемых соединений (параметр max-connections) не увеличивается автоматически при увеличении объема оперативной памяти виртуальной машины. Поэтому превышение рекомендуемых параметров может негативно сказаться на производительности, особенно если это касается сетевых соединений.

3. **Настройки виртуализации:** Использование агрегированного сетевого интерфейса и функций платформы виртуализации, таких как DirectPath или SR-IOV, влияет на производительность, обеспечивая более эффективное использование ресурсов.

Влияние превышения рекомендуемых параметров на производительность может быть следующим:

- **Сетевые соединения:** Если максимальное количество одновременно устанавливаемых соединений (параметр max-connections) превышено, это может привести к снижению производительности, так как система не сможет эффективно управлять большим количеством соединений.

- **Оперативная память:** Перегрузка оперативной памяти может привести к снижению производительности, так как система будет использовать больше ресурсов для управления памятью, что может сказаться на скорости обработки и передачи данных.

- **Сетевой интерфейс:** Использование неоптимальных сетевых адаптеров или неправильная настройка функций виртуализации может привести к снижению производительности, особенно при высоких нагрузках.

В целом, превышение рекомендуемых параметров может негативно сказаться на производительности ViPNet Coordinator VA, особенно если это касается сетевых соединений и использования ресурсов виртуализации.","Производительность исполнения ViPNet Coordinator VA определяется лицензией. При установке ViPNet Coordinator VA на платформу виртуализации настройте профиль аппаратных средств виртуальной машины в соответствии с рекомендуемыми параметрами. Установка параметров, превышающих рекомендованные, не приведет к увеличению производительности.",01 ViPNet Coordinator HW 5. Подготовка к работе.pdf,"['02 ViPNet Coordinator HW 5. Настройка в CLI.pdf', '01 ViPNet Coordinator HW 5. Подготовка к работе.pdf', '04 ViPNet Coordinator HW 5. Справочник.pdf']","[0.7782903909683228, 0.751101553440094, 0.7478499412536621]",0.2,1.0,0.7590806285540262,0.7782903909683228,0.7478499412536621,0.013648063952151505,0.16560509229583353,0.6880835890769958
Для чего используется ViPNet Prime в управлении сетью ViPNet?,"<think>

</think>
ViPNet Prime используется для управления сетью ViPNet, включая формирование структуры сети, задание основных параметров сетевых узлов, централизованная отправка справочников, ключей и обновлений ПО на сетевые узлы ViPNet. Также с помощью ViPNet Prime можно задать адреса доступа к ViPNet Coordinator HW и параметры подключения к нему.","ViPNet Prime используется администратором сети ViPNet для формирования структуры сети ViPNet, задания основных параметров сетевых узлов, централизованной отправки справочников, ключей и обновлений ПО на сетевые узлы ViPNet. Также с помощью ViPNet Prime вы можете: задать адреса доступа к ViPNet Coordinator HW, параметры подключения ViPNet Coordinator HW к внешней сети, адреса туннелируемых узлов; сформировать и переслать на ViPNet Coordinator HW политики безопасности. Подробнее об управлении ViPNet Coordinator HW см. документ «ViPNet Prime. Руководство администратора».",01 ViPNet Coordinator HW 5. Подготовка к работе.pdf,"['03 ViPNet Coordinator HW 5. Настройка в WEB.pdf', '01 ViPNet Coordinator HW 5. Подготовка к работе.pdf', '03 ViPNet Coordinator HW 5. Настройка в WEB.pdf']","[0.8429094552993774, 0.8134768009185791, 0.792760968208313]",0.2,1.0,0.8163824081420898,0.8429094552993774,0.792760968208313,0.02057586943296529,0.6105263108831026,0.8313644528388977
Что такое TCP-туннель в сети ViPNet и когда он используется?,"<think>

</think>
TCP-туннель в сети ViPNet — это способ соединения клиентов, находящихся во внешних сетях, со своим сервером соединений и другими узлами сети ViPNet по протоколу TCP. Он используется, когда соединение по протоколу UDP заблокировано провайдерами услуг интернета. TCP-туннель настраивается на координаторе, который является для клиента сервером соединений.","TCP-туннель - Способ соединения клиентов ViPNet, находящихся во внешних сетях, со своим сервером соединений, а затем и с другими узлами сети ViPNet по протоколу TCP. Используется в том случае, если соединение по протоколу UDP заблокировано провайдерами услуг интернета. TCP-туннель настраивается на координаторе, который является для клиента сервером соединений.",01 ViPNet Coordinator HW 5. Подготовка к работе.pdf,"['01 ViPNet Coordinator HW 5. Подготовка к работе.pdf', '04 ViPNet Coordinator HW 5. Справочник.pdf', '02 ViPNet Coordinator HW 5. Настройка в CLI.pdf']","[0.7735797166824341, 0.7719893455505371, 0.7629196047782898]",0.2,1.0,0.769496222337087,0.7735797166824341,0.7629196047782898,0.004695476118584963,0.7529411714768166,0.8846477270126343
Что обеспечивает функциональность сервера IP-адресов координатора?,"<think>

</think>
Функциональность сервера IP-адресов координатора обеспечивается способностью рассылать новую информацию о клиентах на связанные клиенты и координаторы.","Сервер IP-адресов - Функциональность координатора, обеспечивающая регистрацию, рассылку и предоставление информации о состоянии защищенных узлов.",01 ViPNet Coordinator HW 5. Подготовка к работе.pdf,"['02 ViPNet Coordinator HW 5. Настройка в CLI.pdf', '01 ViPNet Coordinator HW 5. Подготовка к работе.pdf', '04 ViPNet Coordinator HW 5. Справочник.pdf']","[0.8113899230957031, 0.7714860439300537, 0.7687222957611084]",0.2,1.0,0.7838660875956217,0.8113899230957031,0.7687222957611084,0.019494968863136498,0.12121211625344373,0.7716358304023743
Как в CLI ViPNet Coordinator HW распознаются лексемы команды и что происходит при наличии ошибочных символов?,"<think>

</think>
В CLI ViPNet Coordinator HW лексемы команды распознаются по специальным символам, называемым разделителями. Основными разделителями являются пробелы, точка, запятая и знак равенства. Команды и параметры, разделенные этими символами, рассматриваются как отдельные лексемы.

При наличии ошибочных символов в команде ViPNet Coordinator HW, например, если в команде используются символы, не поддерживаемые в системе, или если символы используются неправильно, то система не распознает команду и не выполнит её. В этом случае, система выдаст соответствующее сообщение об ошибке, например, ""Invalid command"" или ""Syntax error"". Важно, чтобы команды были введены правильно, чтобы избежать ошибок и непредвиденных ситуаций.","Лексемы команды распознаются по минимальному числу символов, отличающих вводимую команду от других. Например, только у двух команд первая лексема начинается с символа «i» (inet и iplir): для указания первой команды достаточно набрать in, для указания второй — ip. Таким образом, вместо полной команды iplir option mode достаточно ввести ip o mo. Если среди введенных символов есть ошибочные, то вся команда считается ошибочной, даже если ее можно однозначно определить по первым правильно введенным символам, например, команда iplor o mo будет ошибочной.",02 ViPNet Coordinator HW 5. Настройка в CLI.pdf,"['03 ViPNet Coordinator HW 5. Настройка в WEB.pdf', '02 ViPNet Coordinator HW 5. Настройка в CLI.pdf', '02 ViPNet Coordinator HW 5. Настройка в CLI.pdf']","[0.7729370594024658, 0.7710852026939392, 0.7691168785095215]",0.0,0.0,0.7710463802019755,0.7729370594024658,0.7691168785095215,0.001559823900982832,0.11111110611496937,0.6981797814369202
Как происходит выбор консоли при одновременном подключении двух консолей к ViPNet Coordinator HW при включении устройства?,"<think>

</think>
В случае одновременного подключения двух консолей к ViPNet Coordinator HW при включении устройства, устройство выбирает консоль, которая первоначально была подключена к устройству. Это происходит по следующим шагам:

1. **Включение устройства:** После включения ViPNet Coordinator HW, устройство ожидает подключения консолей.
2. **Выбор консоли:** Если две консоли подключены одновременно, устройство выбирает консоль, которая была подключена первой. Это основано на порядке подключения.
3. **Настройка конфигурации:** После выбора консоли, устройство продолжает настройку конфигурации, включая замену батарейки, сброс к заводским настройкам и другие параметры, как описано в документации.

Таким образом, устройство выбирает консоль, которая была подключена первой, и продолжает настройку конфигурации на этой консоли.","Одновременно к ViPNet Coordinator HW можно подключить две консоли. В этом случае при каждом включении ViPNet Coordinator HW необходимо выбрать консоль для дальнейшей работы: 1 На обе консоли выводится приглашение нажать любую клавишу. Если в течение 10 секунд вы не нажмете клавишу ни на одной из консолей, то считается, что клавиша нажата на консоли монитора и клавиатуры. 2 На консоль, на которой нажата клавиша, выводится список возможных консолей и приглашение выбрать нужную. Если в течение 5 секунд вы не выберите консоль, то автоматически выбирается консоль монитора и клавиатуры. Все последующие сообщения о загрузке и приглашение аутентификации будут выводиться на выбранной консоли.",02 ViPNet Coordinator HW 5. Настройка в CLI.pdf,"['02 ViPNet Coordinator HW 5. Настройка в CLI.pdf', '02 ViPNet Coordinator HW 5. Настройка в CLI.pdf', '02 ViPNet Coordinator HW 5. Настройка в CLI.pdf']","[0.7894223928451538, 0.7832437753677368, 0.782798171043396]",0.0,0.0,0.7851547797520956,0.7894223928451538,0.782798171043396,0.0030231365541436793,0.20833332833429793,0.7025937438011169
Какие динамические интерфейсы автоматически добавляются на ViPNet Coordinator HW при подключении к мобильной сети 3G/4G или сети Wi‑Fi?,"<think>

</think>
Динамические интерфейсы автоматически добавляются на ViPNet Coordinator HW при подключении к мобильной сети 3G/4G или сети Wi-Fi: ppp (при подключении к мобильной сети через модем) и wifi (при подключении к сети Wi-Fi).","При подключении к мобильной сети (см. Подключение к мобильной сети 3G/4G) или сети Wi-Fi (см. Подключение к сети Wi-Fi) на ViPNet Coordinator HW автоматически добавляются динамические интерфейсы, входящие в одну из групп: ppp — при подключении к мобильной сети через модем; wifi — при подключения к сети Wi-Fi.",02 ViPNet Coordinator HW 5. Настройка в CLI.pdf,"['02 ViPNet Coordinator HW 5. Настройка в CLI.pdf', '03 ViPNet Coordinator HW 5. Настройка в WEB.pdf', '03 ViPNet Coordinator HW 5. Настройка в WEB.pdf']","[0.862278938293457, 0.8215802311897278, 0.8150638341903687]",0.0,0.0,0.8329743345578512,0.862278938293457,0.8150638341903687,0.02089155662844009,0.42857142362882655,0.8540636897087097
Каков размер MTU по умолчанию на ViPNet Coordinator HW и как изменить его через CLI?,"<think>

</think>
По умолчанию размер MTU на ViPNet Coordinator HW составляет 1500 байт. Чтобы изменить его через командный интерпретатор, используйте команду inet ifconfig <имя интерфейса> mtu <значение MTU>, где значение MTU задается в байтах, допустимый диапазон значений — 1280–9000.","По умолчанию для передачи данных через сетевой интерфейс используется размер MTU 1500 байт. Чтобы оптимизировать передачку данных через интерфейс, измените размер MTU: hostname# inet ifconfig <имя интерфейса> mtu <значение MTU>.",02 ViPNet Coordinator HW 5. Настройка в CLI.pdf,"['02 ViPNet Coordinator HW 5. Настройка в CLI.pdf', '06 ViPNet Coordinator HW 5. История версий.pdf', '04 ViPNet Coordinator HW 5. Справочник.pdf']","[0.7647463083267212, 0.761643648147583, 0.7566630244255066]",0.0,0.0,0.7610176602999369,0.7647463083267212,0.7566630244255066,0.003329541034032489,0.4307692259124261,0.7779215574264526
"Как ViPNet Coordinator HW обеспечивает обработку трафика в локальной сети, разделённой на несколько VLAN, и какой диапазон идентификаторов VLAN используется?","<think>

</think>
ViPNet Coordinator HW обеспечивает обработку трафика в локальной сети, разделённой на несколько VLAN, благодаря поддержке виртуальных сетевых интерфейсов и тегированию (маркировке) трафика в соответствии со стандартом IEEE 802.1Q. Каждой VLAN присваивается идентификатор из диапазона 0–4094.","Вы можете использовать ViPNet Coordinator HW для обработки трафика в физической локальной сети, разделенной на несколько независимых виртуальных локальных сетей — VLAN. Это возможно благодаря поддержке виртуальных сетевых интерфейсов и тегированию (маркировке) трафика в соответствии со стандартом IEEE 802.1Q. Каждой VLAN присваивается идентификатор из диапазона от 1 до 4094 (значения 0 и 4095 зарезервированы).",02 ViPNet Coordinator HW 5. Настройка в CLI.pdf,"['03 ViPNet Coordinator HW 5. Настройка в WEB.pdf', '02 ViPNet Coordinator HW 5. Настройка в CLI.pdf', '03 ViPNet Coordinator HW 5. Настройка в WEB.pdf']","[0.8637818694114685, 0.86171555519104, 0.843925952911377]",0.0,0.0,0.8564744591712952,0.8637818694114685,0.843925952911377,0.008913142754038038,0.6744185997836669,0.8864902257919312
Какое подключение координатора HW-2 рекомендуется использовать для защиты трафика внутреннего сегмента локальной сети?,"<think>

</think>
Для защиты трафика внутреннего сегмента локальной сети, рекомендуется использовать каскадное подключение координатора HW-2.","Чтобы защитить трафик внутреннего сегмента локальной сети, используйте каскадное подключение координатора HW-2, которое обеспечивает автоматическую маршрутизацию защищенного трафика из внутреннего сегмента сети как в локальную, так и в глобальную сеть.",02 ViPNet Coordinator HW 5. Настройка в CLI.pdf,"['02 ViPNet Coordinator HW 5. Настройка в CLI.pdf', '04 ViPNet Coordinator HW 5. Справочник.pdf', '02 ViPNet Coordinator HW 5. Настройка в CLI.pdf']","[0.8174654245376587, 0.80112224817276, 0.7867881059646606]",0.0,0.0,0.8017919262250265,0.8174654245376587,0.7867881059646606,0.012532911878398898,0.3333333287414967,0.8028616309165955
Как в настройках ViPNet Coordinator HW задаётся видимость защищённых и туннелируемых узлов по реальным или виртуальным IP‑адресам?,"<think>

</think>
В настройках ViPNet Coordinator HW задается видимость защищённых и туннелируемых узлов по реальным или виртуальным IP-адресам в разделе ""Настройка видимости узлов"". Здесь можно указать IP-адреса, по которым узлы будут видны, как защищённые, так и туннелируемые другим координатором.","В настройках ViPNet Coordinator HW вы можете задать видимость защищенных узлов и узлов, туннелируемых другим координатором, по реальным или виртуальным IP-адресам. При этом узлы, туннелируемые ViPNet Coordinator HW, будут подключаться к защищенным и туннелируемым узлам других координаторов по тем же IP-адресам, что и ViPNet Coordinator HW. Например, если в настройках ViPNet Coordinator HW задано использование виртуальных IP-адресов для подключения к определенным защищенным узлам, то узлы, туннелируемые этим ViPNet Coordinator HW, также будут подключаться к ним по виртуальным IP-адресам.",02 ViPNet Coordinator HW 5. Настройка в CLI.pdf,"['02 ViPNet Coordinator HW 5. Настройка в CLI.pdf', '06 ViPNet Coordinator HW 5. История версий.pdf', '04 ViPNet Coordinator HW 5. Справочник.pdf']","[0.8647062182426453, 0.8466864824295044, 0.8415558338165283]",0.0,0.0,0.8509828448295593,0.8647062182426453,0.8415558338165283,0.009927373676647946,0.3111111062691358,0.7751423120498657
Для каких целей применяется туннелирование трафика в сети ViPNet и через какой элемент сети оно выполняется?,"<think>

</think>
Туннелирование трафика в сети ViPNet применяется для обеспечения защищенного и конфиденциального взаимодействия между узлами разных сетей. Оно выполняется через элемент сети, называемый координатором (ViPNet-координатор). Координатор является сетевым узлом, на котором установлен программный продукт ViPNet с функцией шифрования трафика на сетевом уровне. Таким образом, туннелирование трафика через координатор позволяет зашифровать и безопасно передавать данные между узлами различных сетей, обеспечивая конфиденциальность и защиту информации.","Туннелирование применяется для защиты IP-трафика на потенциально опасном участке сети и для доступа к открытому узлу. Туннелирование предполагает направление IP-трафика узла не напрямую на другой узел, а через координатор, где трафик фильтруется и защищается криптографическими методами. Также настройки туннелирования открытых узлов, которые задает администратор сети ViPNet, хранятся на координаторах сети ViPNet, выполняющих туннелирование этих узлов.",02 ViPNet Coordinator HW 5. Настройка в CLI.pdf,"['02 ViPNet Coordinator HW 5. Настройка в CLI.pdf', '03 ViPNet Coordinator HW 5. Настройка в WEB.pdf', '02 ViPNet Coordinator HW 5. Настройка в CLI.pdf']","[0.8200957775115967, 0.8152588605880737, 0.8080066442489624]",0.0,0.0,0.8144537607828776,0.8200957775115967,0.8080066442489624,0.004968093197775698,0.15841583662386058,0.7158912420272827
Почему некоторым узлам ViPNet может требоваться несколько адресов доступа и для чего они используются?,"<think>

</think>
В предоставленных документах недостаточно информации для ответа на этот вопрос.","Каждый узел ViPNet взаимодействует с другим узлом, с которым у него есть связь, по определенному адресу доступа. Однако нередко некоторые узлы подключены к нескольким независимым каналам связи и имеют несколько адресов доступа, каждый из которых может использоваться для связи с другими узлами.",02 ViPNet Coordinator HW 5. Настройка в CLI.pdf,"['02 ViPNet Coordinator HW 5. Настройка в CLI.pdf', '02 ViPNet Coordinator HW 5. Настройка в CLI.pdf', '03 ViPNet Coordinator HW 5. Настройка в WEB.pdf']","[0.7830910682678223, 0.7703314423561096, 0.7596123218536377]",0.0,0.0,0.7710116108258566,0.7830910682678223,0.7596123218536377,0.009597216789459486,0.03921568267589422,0.6233139634132385
Какая проблема может возникать при удалённом подключении клиентов к сетям ViPNet из-за блокировки UDP некоторыми провайдерами и какой протокол обычно остаётся доступным?,"<think>

</think>
При удалённом подключении клиентов к сетям ViPNet из-за блокировки UDP некоторыми провайдерами может возникнуть проблема с передачей IP-пакетов по протоколу UDP. В этих случаях обычно бывает разрешен доступ только по протоколу TCP через порты 80 (HTTP) и 443 (HTTPS).","При удаленном подключении клиентов к сетям ViPNet может возникать проблема с передачей IP-пакетов по протоколу UDP из-за того, что данный протокол блокируется некоторыми интернет-провайдерами. Но в этих случаях обычно бывает разрешен доступ только по протоколу TCP через порты 80 (HTTP) и 443 (HTTPS).",02 ViPNet Coordinator HW 5. Настройка в CLI.pdf,"['02 ViPNet Coordinator HW 5. Настройка в CLI.pdf', '02 ViPNet Coordinator HW 5. Настройка в CLI.pdf', '01 ViPNet Coordinator HW 5. Подготовка к работе.pdf']","[0.8444576859474182, 0.8381496071815491, 0.8152434825897217]",0.0,0.0,0.832616925239563,0.8444576859474182,0.8152434825897217,0.012551901490998512,0.7341772101970837,0.9079647660255432
Для чего используется технология L2OverIP в ViPNet Coordinator HW и какой уровень модели OSI она задействует?,"<think>

</think>
Технология L2OverIP в ViPNet Coordinator HW используется для передачи кадров Ethernet через IP-сеть. Она задействует уровень 2 (данные) модели OSI.","ViPNet Coordinator HW поддерживает технологию L2OverIP, которая позволяет организовать защиту удаленных сегментов сети, использующих одно адресное пространство, на канальном уровне модели OSI. В результате сетевые узлы из разных сегментов смогут взаимодействовать друг с другом так, как будто они находятся в одном сегменте с прямой видимостью по MAC-адресам. Такая защита может потребоваться, например, для организации работы территориально распределенных ЦОДов (центров обработки данных), локальные сети которых объединены высокоскоростным каналом связи и представляют собой единый широковещательный домен.",02 ViPNet Coordinator HW 5. Настройка в CLI.pdf,"['02 ViPNet Coordinator HW 5. Настройка в CLI.pdf', '03 ViPNet Coordinator HW 5. Настройка в WEB.pdf', '03 ViPNet Coordinator HW 5. Настройка в WEB.pdf']","[0.8040428161621094, 0.7985653877258301, 0.7965457439422607]",0.0,0.0,0.7997179826100668,0.8040428161621094,0.7965457439422607,0.0031673205492743026,0.14893616662743334,0.7058886885643005
Как подключаются сегменты сети при настройке туннелирования на канальном уровне в ViPNet Coordinator HW?,"<think>

</think>
Сегменты сети подключаются при настройке туннелирования на канальном уровне в ViPNet Coordinator HW через L2OverIP. Это позволяет сетевым узлам из разных сегментов взаимодействовать друг с другом, используя одно адресное пространство.","При настройке туннелирования на канальном уровне каждый сегмент сети подключается к одному из сетевых интерфейсов ViPNet Coordinator HW, установленному на границе сегмента. Если сегмент сети состоит из нескольких VLAN, они должны быть объединены с помощью коммутатора в транковый порт, к которому подключается один из сетевых интерфейсов ViPNet Coordinator HW.",02 ViPNet Coordinator HW 5. Настройка в CLI.pdf,"['02 ViPNet Coordinator HW 5. Настройка в CLI.pdf', '04 ViPNet Coordinator HW 5. Справочник.pdf', '01 ViPNet Coordinator HW 5. Подготовка к работе.pdf']","[0.8147990703582764, 0.8044358491897583, 0.8012022972106934]",0.0,0.0,0.8068124055862427,0.8147990703582764,0.8012022972106934,0.005799659486323985,0.34285713789387756,0.7454555034637451
"Как с помощью L2OverIP можно объединять сегменты сети, состоящие из нескольких VLAN?","<think>

</think>
С помощью L2OverIP можно объединять сегменты сети, состоящие из нескольких VLAN следующим образом: сегменты без VLAN, находящиеся за сетевыми интерфейсами класса access; виртуальная сеть VLAN из одного сегмента и виртуальная сеть VLAN из другого сегмента; все виртуальные сети VLAN из одного сегмента со всеми виртуальными сетями другого сегмента.","С помощью L2OverIP можно объединять сегменты сети, состоящие из нескольких VLAN. В каждом сегменте VLAN должны быть объединены с помощью коммутатора в транковый порт, к которому подключается интерфейс ViPNet Coordinator HW.",02 ViPNet Coordinator HW 5. Настройка в CLI.pdf,"['03 ViPNet Coordinator HW 5. Настройка в WEB.pdf', '02 ViPNet Coordinator HW 5. Настройка в CLI.pdf', '02 ViPNet Coordinator HW 5. Настройка в CLI.pdf']","[0.8248888254165649, 0.8209119439125061, 0.8177527189254761]",0.0,0.0,0.821184496084849,0.8248888254165649,0.8177527189254761,0.002919670926437522,0.3333333284067953,0.7471753358840942
Каковы основные принципы фильтрации трафика в ViPNet Coordinator HW?,"<think>

</think>
В ViPNet Coordinator HW основные принципы фильтрации трафика включают:

1. **Транзитные фильтры**: По умолчанию после установки устройства весь транзитный трафик блокируется. Вы можете создавать транзитные фильтры и задействовать их для управления трафиком.

2. **Сетевые фильтры**: Для фильтрации HTTP-трафика, если он не обрабатывается транзитными фильтрами, используйте средства прокси-сервера. Это позволяет контролировать доступ к веб-сайтам и ресурсам.

3. **Пользовательские правила**: Настройка фильтрации трафика по пользователю, как в примере, позволяет ограничить доступ к определенным ресурсам для конкретных пользователей в локальной сети.

4. **Ограничения на количество сетевых фильтров**: Максимальное количество сетевых фильтров зависит от исполнения устройства и может быть указано в документации «Подготовка к работе» в разделе «Ограничения на количество сетевых фильтров».

5. **Прокси-серверы**: Для фильтрации HTTP-трафика, когда он не обрабатывается транзитными фильтрами, используются средства прокси-сервера, что обеспечивает дополнительный уровень контроля и безопасности.","Принципы фильтрации трафика: Все входящие и исходящие открытые и защищенные IP-пакеты обрабатываются сетевыми фильтрами в порядке убывания приоритета этих фильтров. Если IP-пакет соответствует условию одного из фильтров, он пропускается или блокируется этим фильтром; при этом фильтры с более низким приоритетом не применяются. Если IP-пакет был пропущен одним из фильтров, ответные IP-пакеты (включая служебные ICMP-пакеты) в рамках текущего соединения будут пропускаться автоматически. Если IP-пакет не был обработан ни одним из фильтров, он блокируется фильтром по умолчанию.",02 ViPNet Coordinator HW 5. Настройка в CLI.pdf,"['02 ViPNet Coordinator HW 5. Настройка в CLI.pdf', '03 ViPNet Coordinator HW 5. Настройка в WEB.pdf', '02 ViPNet Coordinator HW 5. Настройка в CLI.pdf']","[0.78190016746521, 0.7741808891296387, 0.768419623374939]",0.0,0.0,0.7748335599899292,0.78190016746521,0.768419623374939,0.005522725877761172,0.11320754250227463,0.6577997803688049
Какие функции выполняет локальный DNS-сервер в составе ViPNet Coordinator HW и какие DNS-серверы используются по умолчанию?,"<think>

</think>
Локальный DNS-сервер в составе ViPNet Coordinator HW преобразует доменные имена в IP-адреса в ответ на собственные запросы и на запросы других сетевых узлов (DNS-клиентов). Он перенаправляет поступающие к нему DNS-запросы на вышестоящие DNS-серверы и передает полученные ответы DNS-клиентам. По умолчанию используется вышестоящий DNS-сервер, который не указан в контексте, но обычно это является частью корпоративной сети или внешним DNS-сервером, настроенным в соответствии с требованиями сети.","В состав ViPNet Coordinator HW входит локальный DNS-сервер, который преобразует доменные имена в IP-адреса в ответ на собственные запросы и на запросы других сетевых узлов (DNS-клиентов. Локальный DNS-сервер перенаправляет поступающие к нему DNS-запросы на вышестоящие DNS-серверы и передает полученные ответы DNS-клиентам. По умолчанию локальный DNS-сервер преобразует доменные имена с использованием корневых DNS-серверов из домена root-servers.net. Этот список можно дополнить DNS-серверами пересылки (forwarders).",02 ViPNet Coordinator HW 5. Настройка в CLI.pdf,"['03 ViPNet Coordinator HW 5. Настройка в WEB.pdf', '03 ViPNet Coordinator HW 5. Настройка в WEB.pdf', '03 ViPNet Coordinator HW 5. Настройка в WEB.pdf']","[0.829605221748352, 0.827629566192627, 0.8271206617355347]",0.0,0.0,0.8281184832255045,0.829605221748352,0.8271206617355347,0.0010716154512700777,0.6181818131884298,0.8659794926643372
Что представляют собой карты маршрутов (route maps) в ViPNet Coordinator HW и для чего они используются?,"<think>

</think>
Карты маршрутов (route maps) в ViPNet Coordinator HW представляют собой механизмы, которые позволяют фильтровать и перераспределять пакеты передаваемых данных в соответствии с определёнными правилами. Они используются для управления маршрутами, включая статические маршруты и маршруты, полученные по DHCP, в протокол OSPF. Карты маршрутов помогают настраивать и оптимизировать маршрутную таблицу, обеспечивая эффективное распределение трафика между различными сетевыми узлами.","ViPNet Coordinator HW поддерживает карты маршрутов (route maps) — наборы правил, позволяющие фильтровать принимаемые или передаваемые маршруты, а также изменять их атрибуты. Вы можете создавать карты маршрутов и использовать их при настройке перераспределения маршрутов.",02 ViPNet Coordinator HW 5. Настройка в CLI.pdf,"['02 ViPNet Coordinator HW 5. Настройка в CLI.pdf', '02 ViPNet Coordinator HW 5. Настройка в CLI.pdf', '01 ViPNet Coordinator HW 5. Подготовка к работе.pdf']","[0.7954801321029663, 0.7786287069320679, 0.7771957516670227]",0.0,0.0,0.7837681969006857,0.7954801321029663,0.7771957516670227,0.008302224996337678,0.14634145877453913,0.7720518112182617
Для чего предназначен транспортный сервер MFTP в сети ViPNet и какие обновления он обеспечивает?,"<think>

</think>
Транспортный сервер MFTP в сети ViPNet предназначен для передачи транспортных конвертов MFTP между связанными узлами сети, поддерживающими работу с дистрибутивом ключей dst. Он обеспечивает удаленное обновление на узлах сети: справочников, ключей, программного обеспечения ViPNet и политик безопасности из Policy Management (модуль Prime).","Транспортный сервер MFTP предназначен для передачи транспортных конвертов MFTP между связанными узлами сети ViPNet, поддерживающими работу с дистрибутивом ключей dst. Сервер MFTP обеспечивает удаленное обновление на узлах сети: справочников и ключей, программного обеспечения ViPNet, политик безопасности из Policy Management (модуль Prime).",02 ViPNet Coordinator HW 5. Настройка в CLI.pdf,"['02 ViPNet Coordinator HW 5. Настройка в CLI.pdf', '01 ViPNet Coordinator HW 5. Подготовка к работе.pdf', '03 ViPNet Coordinator HW 5. Настройка в WEB.pdf']","[0.7992116212844849, 0.7970027327537537, 0.7966018319129944]",0.0,0.0,0.7976053953170776,0.7992116212844849,0.7966018319129944,0.0011475050514951513,0.8249999950125001,0.9438879489898682
От каких факторов зависит возможность подключения пользователей к веб-интерфейсу ViPNet Coordinator HW и какие способы аутентификации поддерживаются?,"<think>

</think>
Возможность подключения пользователей к веб-интерфейсу ViPNet Coordinator HW зависит от нескольких факторов:

1. **Аутентификация:** Поддерживаются следующие способы аутентификации:
   - **Логин и пароль:** Пользователи могут аутентифицироваться с помощью учетных записей, созданных на контроллере домена Active Directory.
   - **TLS Unit:** Для аутентификации централизованных пользователей требуется установка сертифицированной версии ViPNet PKI Client, которая включает компонент TLS Unit.

2. **Сеть:** Установление соединения с контроллером домена Active Directory и сервисом аутентификации CP, а также настройка сетевых интерфейсов и параметров подключения к сетям 3G/4G, Wi-Fi.

3. **Совместимость:** Убедитесь, что ваша операционная система и веб-браузер совместимы с веб-интерфейсом ViPNet Coordinator HW.

4. **Сетевое подключение:** Убедитесь, что ваше устройство имеет стабильное сетевое подключение для доступа к веб-интерфейсу.

Если в вашей сети работает служба каталогов Active Directory, то вы можете настроить ее взаимодействие с ViPNet Coordinator HW, чтобы использовать имена пользователей в фильтрах туннелируемых узлов и транзитных фильтрах открытой сети.","Подключение с помощью веб-интерфейса следует выполнять с защищенных узлов ViPNet, связанных с ViPNet Coordinator HW. Возможность подключения пользователей зависит от способа аутентификации: аутентификация по паролю — разрешено для локальных (user и admin) и централизованных пользователей; аутентификация по сертификату — разрешено для локальных пользователей user и admin с паролем их учётных записей (USB-токен при подключении не требуется) и для централизованных пользователей.",03 ViPNet Coordinator HW 5. Настройка в WEB.pdf,"['01 ViPNet Coordinator HW 5. Подготовка к работе.pdf', '03 ViPNet Coordinator HW 5. Настройка в WEB.pdf', '03 ViPNet Coordinator HW 5. Настройка в WEB.pdf']","[0.8329684734344482, 0.8248428106307983, 0.8244950175285339]",0.0,0.0,0.8274354338645935,0.8329684734344482,0.8244950175285339,0.0039150253444628245,0.17834394501034534,0.6894899606704712
Для чего могут использоваться дополнительные IP-адреса на интерфейсе ViPNet Coordinator HW со статическим адресом и классом Access?,"<think>

</think>
Дополнительные IP-адреса на интерфейсе ViPNet Coordinator HW со статическим адресом и классом Access используются для разделения сети на логические подсети. Это позволяет разрешить доступ в интернет только некоторым узлам, когда в остальной сети доступ закрыт.","Дополнительные IP-адреса могут быть назначены сетевому интерфейсу со статическим IP-адресом и классом Access. С помощью дополнительных IP-адресов вы можете разделить сеть на логические подсети. Например, чтобы разрешить доступ в интернет только некоторым узлам, когда в остальной сети доступ закрыт.",03 ViPNet Coordinator HW 5. Настройка в WEB.pdf,"['03 ViPNet Coordinator HW 5. Настройка в WEB.pdf', '02 ViPNet Coordinator HW 5. Настройка в CLI.pdf', '04 ViPNet Coordinator HW 5. Справочник.pdf']","[0.8479158282279968, 0.8453543782234192, 0.8413988351821899]",0.0,0.0,0.8448896805445353,0.8479158282279968,0.8413988351821899,0.0026807657537034533,0.5999999950163266,0.8465484976768494
В каких исполнениях ViPNet Coordinator HW поддерживается подключение к сети Wi‑Fi и может ли устройство одновременно быть клиентом и точкой доступа?,"<think>

</think>
ViPNet Coordinator HW поддерживает подключение к сети Wi-Fi в исполнениях ViPNet Coordinator HW50 A, B и ViPNet Coordinator HW100 C. Устройство не может одновременно быть клиентом и точкой доступа Wi-Fi.","Подключение ViPNet Coordinator HW к сети Wi-Fi возможно только в исполнениях со встроенными Wi-Fi-модулями: ViPNet Coordinator HW HW50 А, B на аппаратной платформе HW50 N2; ViPNet Coordinator HW HW100 C на аппаратной платформе HW100 N2. ViPNet Coordinator HW может также работать в качестве точки доступа сети Wi-Fi (см. Настройка точки доступа сети Wi-Fi). Использование ViPNet Coordinator HW одновременно в качестве клиента и точки доступа Wi-Fi не поддерживается.",03 ViPNet Coordinator HW 5. Настройка в WEB.pdf,"['03 ViPNet Coordinator HW 5. Настройка в WEB.pdf', '02 ViPNet Coordinator HW 5. Настройка в CLI.pdf', '01 ViPNet Coordinator HW 5. Подготовка к работе.pdf']","[0.8646800518035889, 0.8536023497581482, 0.8457838892936707]",0.0,0.0,0.8546887636184692,0.8646800518035889,0.8457838892936707,0.007752481783585301,0.49230768750769244,0.7877552509307861
"Как ViPNet Coordinator HW позволяет обрабатывать трафик в сети, разделённой на несколько VLAN, и какой диапазон идентификаторов VLAN используется?","<think>

</think>
ViPNet Coordinator HW позволяет обрабатывать трафик в сети, разделённой на несколько VLAN, благодаря поддержке виртуальных сетевых интерфейсов и тегированию (маркировке) трафика в соответствии со стандартом IEEE 802.1Q. Каждой VLAN присваивается идентификатор из диапазона 0-4094.","Вы можете использовать ViPNet Coordinator HW для обработки трафика в физической локальной сети, разделенной на несколько независимых виртуальных локальных сетей — VLAN. Это возможно благодаря поддержке виртуальных сетевых интерфейсов и тегированию (маркировке) трафика в соответствии со стандартом IEEE 802.1Q. Каждой VLAN присваивается идентификатор из диапазона от 1 до 4094 (значения 0 и 4095 зарезервированы).",03 ViPNet Coordinator HW 5. Настройка в WEB.pdf,"['03 ViPNet Coordinator HW 5. Настройка в WEB.pdf', '02 ViPNet Coordinator HW 5. Настройка в CLI.pdf', '02 ViPNet Coordinator HW 5. Настройка в CLI.pdf']","[0.8453284502029419, 0.8444771766662598, 0.825589656829834]",0.0,0.0,0.8384650945663452,0.8453284502029419,0.825589656829834,0.009110939919995335,0.6511627858301786,0.8885759711265564
Для каких целей используется туннелирование IP‑трафика в сети ViPNet и через какой элемент сети оно выполняется?,"<think>

</think>
Туннелирование IP-трафика в сети ViPNet используется для передачи данных между узлами, которые находятся в разных подсетях или защищенных зонах сети. Оно выполняется через элемент сети, называемый туннельным интерфейсом. Туннельный интерфейс позволяет создать виртуальный канал связи между двумя узлами, даже если они физически не подключены напрямую.","Туннелирование применяется для защиты IP-трафика на потенциально опасном участке сети и для доступа к открытому узлу. Туннелирование предполагает направление IP-трафика узла не напрямую на другой узел, а через координатор, где трафик фильтруется и защищается криптографическими методами. Также настройки туннелирования открытых узлов, которые задает администратор сети ViPNet, хранятся на координаторах сети ViPNet, выполняющих туннелирование этих узлов.",03 ViPNet Coordinator HW 5. Настройка в WEB.pdf,"['02 ViPNet Coordinator HW 5. Настройка в CLI.pdf', '04 ViPNet Coordinator HW 5. Справочник.pdf', '03 ViPNet Coordinator HW 5. Настройка в WEB.pdf']","[0.8492826223373413, 0.8417174220085144, 0.8292378783226013]",0.0,0.0,0.8400793075561523,0.8492826223373413,0.8292378783226013,0.008264805094430712,0.15730336579219814,0.7197582721710205
Для чего используется технология L2OverIP в ViPNet Coordinator HW и какой результат она обеспечивает для удалённых сегментов сети?,"<think>

</think>
Технология L2OverIP в ViPNet Coordinator HW используется для организации защиты удаленных сегментов сети на канальном уровне модели OSI. Это позволяет сетевым узлам из разных сегментов взаимодействовать друг с другом, несмотря на то, что они используют одно адресное пространство. В результате, технология L2OverIP обеспечивает безопасность и эффективность связи между удаленными сегментами сети.","ViPNet Coordinator HW поддерживает технологию L2OverIP, которая позволяет организовать защиту удаленных сегментов сети, использующих одно адресное пространство, на канальном уровне модели OSI. В результате сетевые узлы из разных сегментов смогут взаимодействовать друг с другом так, как будто они находятся в одном сегменте с прямой видимостью по MAC-адресам. Такая защита может потребоваться, например, для организации работы территориально распределенных ЦОДов (центров обработки данных), локальные сети которых объединены высокоскоростным каналом связи и представляют собой единый широковещательный домен.",03 ViPNet Coordinator HW 5. Настройка в WEB.pdf,"['02 ViPNet Coordinator HW 5. Настройка в CLI.pdf', '01 ViPNet Coordinator HW 5. Подготовка к работе.pdf', '06 ViPNet Coordinator HW 5. История версий.pdf']","[0.8362022042274475, 0.8225151300430298, 0.8169131278991699]",0.0,0.0,0.8252101540565491,0.8362022042274475,0.8169131278991699,0.008102036049644719,0.41322313567652486,0.7948558330535889
Где публикуются обновления базы правил IPS для ViPNet Coordinator HW и как может быть организован процесс обновления?,"<think>

</think>
Обновления базы правил IPS для ViPNet Coordinator HW публикуются на сервере обновлений ИнфоТеКС. Процесс обновления может быть организован как автоматическое обновление по расписанию или выполнение обновления вручную.",Обновления базы правил IPS публикуются на сервере обновлений ИнфоТеКС. Вы можете настроить автоматическое обновление по расписанию или выполнить обновление вручную. Во время обновления работа предотвращения вторжений не прерывается.,03 ViPNet Coordinator HW 5. Настройка в WEB.pdf,"['02 ViPNet Coordinator HW 5. Настройка в CLI.pdf', '01 ViPNet Coordinator HW 5. Подготовка к работе.pdf', '06 ViPNet Coordinator HW 5. История версий.pdf']","[0.8361431956291199, 0.834547758102417, 0.8243618011474609]",0.0,0.0,0.8316842516263326,0.8361431956291199,0.8243618011474609,0.005218560848040312,0.5818181768198348,0.8371667861938477
Какие виды маршрутов поддерживает ViPNet Coordinator HW и как они формируются?,"<think>

</think>
ViPNet Coordinator HW поддерживает несколько видов маршрутов, включая статические, DHCP и маршруты, формируемые с помощью технологии MultiWAN. Статические маршруты задают пользователем для определенных сетей или IP-адресов, указывая путь, по которому трафик должен быть направлен. DHCP маршруты автоматически получаются от DHCP-сервера и используются для определения маршрутов для сетей, к которым клиенты подключаются через DHCP. MultiWAN позволяет настраивать пользовательские таблицы маршрутизации, которые определяют различные маршруты для различных ситуаций, таких как недоступность одного из интернет-шлюзов.","Маршруты могут быть: статические — добавляются в таблицу маршрутизации вручную; динамические — добавляются в таблицу маршрутизации с помощью алгоритмов на основе информации о топологии и состоянии сети, предоставляемой протоколами динамической маршрутизации.",03 ViPNet Coordinator HW 5. Настройка в WEB.pdf,"['02 ViPNet Coordinator HW 5. Настройка в CLI.pdf', '04 ViPNet Coordinator HW 5. Справочник.pdf', '03 ViPNet Coordinator HW 5. Настройка в WEB.pdf']","[0.7665305733680725, 0.7653598189353943, 0.7615845203399658]",0.0,0.0,0.7644916375478109,0.7665305733680725,0.7615845203399658,0.0021104761438311397,0.06666666265432124,0.6624078154563904
Какие возможности предоставляет динамическая маршрутизация в сети ViPNet?,"<think>

</think>
В сети ViPNet динамическая маршрутизация предоставляет возможность автоматически обновлять и настраивать пути передачи данных между различными узлами сети. Это позволяет сети эффективно адаптироваться к изменениям в сети, таким как добавление или удаление узлов, изменение маршрутов и т.д. Динамическая маршрутизация обеспечивает гибкость и масштабируемость сети, позволяя ей поддерживать высокую производительность даже при увеличении числа узлов и сложности сети.","Динамическая маршрутизация позволяет: автоматически формировать таблицу маршрутизации; автоматически выбирать по определенным критериям лучший маршрут из нескольких доступных, в том числе, при сбое других маршрутизаторов в сети; распределять нагрузку IP-трафика, передаваемого в сети.",03 ViPNet Coordinator HW 5. Настройка в WEB.pdf,"['01 ViPNet Coordinator HW 5. Подготовка к работе.pdf', '02 ViPNet Coordinator HW 5. Настройка в CLI.pdf', '02 ViPNet Coordinator HW 5. Настройка в CLI.pdf']","[0.7827038764953613, 0.7814159393310547, 0.7776608467102051]",0.0,0.0,0.7805935541788737,0.7827038764953613,0.7776608467102051,0.002139357435834272,0.12345678552659674,0.7067880034446716
С использованием каких видов маршрутов ViPNet Coordinator HW может маршрутизировать IP‑трафик?,"<think>

</think>
ViPNet Coordinator HW может маршрутизировать IP-трафик с использованием следующих видов маршрутов: статических, в том числе на основе маршрутов с несколькими шлюзами; получаемых по протоколам DHCP и PPP; динамических, формируемых протоколами OSPF, BGP.","ViPNet Coordinator HW может маршрутизировать IP-трафик с использованием следующих видов маршрутов: статических, в том числе на основе маршрутов с несколькими шлюзами; получаемых по протоколам DHCP и PPP; динамических, формируемых протоколами OSPF, BGP.",03 ViPNet Coordinator HW 5. Настройка в WEB.pdf,"['03 ViPNet Coordinator HW 5. Настройка в WEB.pdf', '02 ViPNet Coordinator HW 5. Настройка в CLI.pdf', '03 ViPNet Coordinator HW 5. Настройка в WEB.pdf']","[0.8530219793319702, 0.8530219793319702, 0.8512033224105835]",0.0,0.0,0.8524157603581747,0.8530219793319702,0.8512033224105835,0.0008573230945095993,0.9687499950048829,0.963513970375061
